index,num,kind
331,1,
332,6,
333,3,
334,5,
335,3,
336,0,
337,5,
338,0,
339,1,mutation
340,0,
341,1,
342,2,
343,1,
344,0,
345,1,
346,8,target
347,1,
348,2,
349,0,
350,0,
351,0,
352,0,target
353,0,
354,5,target
355,0,
356,2,target
357,1,target
358,2,
359,1,
360,0,
361,0,
362,0,
363,0,
364,0,
365,1,
366,1,
367,8,
368,2,
369,5,
370,2,
371,3,mutation
372,3,
373,0,mutation
374,7,
375,18,mutation
376,8,mutation
377,2,
378,1,
379,0,
380,0,
381,1,
382,0,
383,7,target
384,15,target
385,10,target
386,2,target
387,2,
388,0,
389,3,
390,1,
391,0,target
392,3,
393,1,target
394,2,
395,1,
396,0,target
397,0,
398,0,
399,0,
400,0,
401,0,
402,1,
403,3,target
404,0,
405,0,target
406,2,
407,0,
408,2,mutation
409,1,
410,0,
411,0,
412,0,
413,0,
414,4,
415,8,
416,0,
417,8,target
418,0,
419,0,
420,2,target
421,1,
422,0,
423,0,
424,0,
425,0,
426,0,
427,3,
428,3,
429,0,
430,5,
431,0,
432,0,
433,0,
434,1,
435,0,
436,0,
437,0,
438,0,
439,0,
440,1,mutation
441,2,
442,0,
443,0,
444,0,target
445,5,target
446,5,target
447,0,
448,0,
449,1,target
450,0,target
451,0,
452,9,target
453,1,target
454,0,
455,4,target
456,1,target
457,0,
458,4,
459,9,
460,5,target
461,0,
462,0,
463,0,
464,1,
465,0,
466,0,
467,0,
468,7,target
469,1,
470,2,
471,3,
472,1,
473,1,
474,2,
475,0,
476,0,
477,0,mutation
478,2,mutation
479,1,
480,0,
481,0,
482,0,target
483,6,target
484,1,target
485,0,target
486,7,mutation
487,0,
488,0,
489,0,
490,10,target
491,0,
492,4,
493,4,target
494,1,
495,0,
496,2,
497,0,
498,0,mutation
499,2,
500,0,
501,0,mutation
502,0,
503,6,
504,0,
505,4,target
506,0,
507,0,
508,4,
509,1,
510,0,
511,1,
512,0,
513,4,
514,4,target
515,4,
516,1,
517,10,
518,16,target
519,13,target
520,5,
